Times,Fold,Name Method,Name Function,SP,SE,Gmean,F1 Score,Accuracy,AUC,Ma tran nham lan,,Times,Name Method,Name Function,SP,SE,Gmean,F1 Score,Accuracy,AUC
0,1,SVM,SVM,1,0,0,0,0.76,0.5,"[[114   0]
 [ 36   0]]",,1,SVM,SVM,0.996491228,0.011428571,0.04738791,0.020512821,0.762040268,0.5039599
0,1,WSVM,WSVM,1,0,0,0,0.76,0.5,"[[114   0]
 [ 36   0]]",,,WSVM,WSVM,0.947368421,0.142857143,0.221952593,0.159730849,0.755328859,0.545112782
0,1,own_class_center,lin_center_own,0.938596491,0.361111111,0.582183495,0.464285714,0.8,0.649853801,"[[107   7]
 [ 23  13]]",,,own_class_center,lin_center_own,0.892982456,0.355079365,0.492751695,0.376728111,0.764671141,0.624030911
0,1,own_class_center,exp,0.956140351,0.305555556,0.540512716,0.423076923,0.8,0.630847953,"[[109   5]
 [ 25  11]]",,,own_class_center,exp,0.921052632,0.263650794,0.366321678,0.28017094,0.764662192,0.592351713
0,1,estimated_hyper_lin,lin_center_own,0.938596491,0.361111111,0.582183495,0.464285714,0.8,0.649853801,"[[107   7]
 [ 23  13]]",,,estimated_hyper_lin,lin_center_own,0.942105263,0.186507937,0.249267833,0.191622575,0.761986577,0.5643066
0,1,estimated_hyper_lin,exp,0.938596491,0.305555556,0.535530926,0.407407407,0.786666667,0.622076023,"[[107   7]
 [ 25  11]]",,,estimated_hyper_lin,exp,0.938596491,0.175396825,0.2384192,0.177867024,0.756635347,0.556996658
0,1,actual_hyper_lin,lin_center_own,0.219298246,0.972222222,0.461743032,0.4375,0.4,0.595760234,"[[25 89]
 [ 1 35]]",,,actual_hyper_lin,lin_center_own,0.647368421,0.585396825,0.484256051,0.374695622,0.632384787,0.616382623
0,1,actual_hyper_lin,exp,1,0,0,0,0.76,0.5,"[[114   0]
 [ 36   0]]",,,actual_hyper_lin,exp,0.875438596,0.355396825,0.48519524,0.360872204,0.751319911,0.615417711
0,1,distance_center_own_opposite_tam,func_own_opp_new,0.903508772,0.416666667,0.613564983,0.483870968,0.786666667,0.660087719,"[[103  11]
 [ 21  15]]",,,distance_center_own_opposite_tam,func_own_opp_new,0.866666667,0.421746032,0.600600505,0.45236429,0.760671141,0.644206349
0,1,distance_center_own_opposite_tam,func_own_opp_new_v1,0.938596491,0.361111111,0.582183495,0.464285714,0.8,0.649853801,"[[107   7]
 [ 23  13]]",,,distance_center_own_opposite_tam,func_own_opp_new_v1,0.892982456,0.360634921,0.496307891,0.3808377,0.766004474,0.626808688
0,1,distance_center_own_opposite_tam,func_own_opp_new_v2,0.938596491,0.361111111,0.582183495,0.464285714,0.8,0.649853801,"[[107   7]
 [ 23  13]]",,,distance_center_own_opposite_tam,func_own_opp_new_v2,0.892982456,0.360634921,0.496307891,0.3808377,0.766004474,0.626808688
0,1,SVM,SVM,1,0,0,0,0.76,0.5,"[[114   0]
 [ 36   0]]",,2,SVM,SVM,0.998245614,0,0,0,0.760706935,0.499122807
0,1,WSVM,WSVM,1,0,0,0,0.76,0.5,"[[114   0]
 [ 36   0]]",,,WSVM,WSVM,0.947368421,0.122222222,0.204647851,0.140816864,0.751373602,0.534795322
0,1,own_class_center,lin_center_own,1,0,0,0,0.76,0.5,"[[114   0]
 [ 36   0]]",,,own_class_center,lin_center_own,0.88245614,0.308095238,0.457425509,0.331691689,0.746004474,0.595275689
0,1,own_class_center,exp,1,0,0,0,0.76,0.5,"[[114   0]
 [ 36   0]]",,,own_class_center,exp,0.89122807,0.296984127,0.450252471,0.326754602,0.750004474,0.594106099
0,1,estimated_hyper_lin,lin_center_own,1,0,0,0,0.76,0.5,"[[114   0]
 [ 36   0]]",,,estimated_hyper_lin,lin_center_own,0.88245614,0.324920635,0.469299338,0.345140011,0.750013423,0.603688388
0,1,estimated_hyper_lin,exp,1,0,0,0,0.76,0.5,"[[114   0]
 [ 36   0]]",,,estimated_hyper_lin,exp,0.929824561,0.174920635,0.239891962,0.174647887,0.750022371,0.552372598
0,1,actual_hyper_lin,lin_center_own,0.754385965,0.583333333,0.663369037,0.494117647,0.713333333,0.668859649,"[[86 28]
 [15 21]]",,,actual_hyper_lin,lin_center_own,0.822807018,0.451269841,0.526999011,0.393800164,0.73396868,0.637038429
0,1,actual_hyper_lin,exp,0.877192982,0.333333333,0.54073807,0.387096774,0.746666667,0.605263158,"[[100  14]
 [ 24  12]]",,,actual_hyper_lin,exp,0.861403509,0.438412698,0.613901926,0.467867811,0.760733781,0.649908104
0,1,distance_center_own_opposite_tam,func_own_opp_new,0.894736842,0.305555556,0.52286883,0.372881356,0.753333333,0.600146199,"[[102  12]
 [ 25  11]]",,,distance_center_own_opposite_tam,func_own_opp_new,0.864912281,0.443492063,0.617977032,0.47313438,0.764724832,0.654202172
0,1,distance_center_own_opposite_tam,func_own_opp_new_v1,1,0,0,0,0.76,0.5,"[[114   0]
 [ 36   0]]",,,distance_center_own_opposite_tam,func_own_opp_new_v1,0.877192982,0.313650794,0.459697942,0.332426983,0.743337808,0.595421888
0,1,distance_center_own_opposite_tam,func_own_opp_new_v2,1,0,0,0,0.76,0.5,"[[114   0]
 [ 36   0]]",,,distance_center_own_opposite_tam,func_own_opp_new_v2,0.877192982,0.313650794,0.459697942,0.332426983,0.743337808,0.595421888
0,1,SVM,SVM,1,0,0,0,0.76,0.5,"[[114   0]
 [ 36   0]]",,3,SVM,SVM,0.996491228,0.005555556,0.033186812,0.010526316,0.760706935,0.501023392
0,1,WSVM,WSVM,1,0,0,0,0.76,0.5,"[[114   0]
 [ 36   0]]",,,WSVM,WSVM,0.956140351,0.122222222,0.206429676,0.145681818,0.758040268,0.539181287
0,1,own_class_center,lin_center_own,0.842105263,0.5,0.648885685,0.5,0.76,0.671052632,"[[96 18]
 [18 18]]",,,own_class_center,lin_center_own,0.915789474,0.23,0.340546533,0.247203135,0.752706935,0.572894737
0,1,own_class_center,exp,0.833333333,0.555555556,0.680413817,0.533333333,0.766666667,0.694444444,"[[95 19]
 [16 20]]",,,own_class_center,exp,0.910526316,0.296666667,0.454830029,0.341195806,0.764733781,0.603596491
0,1,estimated_hyper_lin,lin_center_own,1,0,0,0,0.76,0.5,"[[114   0]
 [ 36   0]]",,,estimated_hyper_lin,lin_center_own,0.915789474,0.246666667,0.355035566,0.263605541,0.756706935,0.58122807
0,1,estimated_hyper_lin,exp,1,0,0,0,0.76,0.5,"[[114   0]
 [ 36   0]]",,,estimated_hyper_lin,exp,0.91754386,0.241111111,0.351022285,0.259751025,0.756715884,0.579327485
0,1,actual_hyper_lin,lin_center_own,1,0,0,0,0.76,0.5,"[[114   0]
 [ 36   0]]",,,actual_hyper_lin,lin_center_own,0.821052632,0.455555556,0.527347462,0.399427387,0.734058166,0.638304094
0,1,actual_hyper_lin,exp,0.850877193,0.472222222,0.63387942,0.485714286,0.76,0.661549708,"[[97 17]
 [19 17]]",,,actual_hyper_lin,exp,0.892982456,0.357936508,0.495955143,0.380231358,0.766049217,0.625459482
0,1,distance_center_own_opposite_tam,func_own_opp_new,0.850877193,0.472222222,0.63387942,0.485714286,0.76,0.661549708,"[[97 17]
 [19 17]]",,,distance_center_own_opposite_tam,func_own_opp_new,0.870175439,0.466507937,0.634690636,0.494120699,0.774049217,0.668341688
0,1,distance_center_own_opposite_tam,func_own_opp_new_v1,0.842105263,0.527777778,0.666666667,0.520547945,0.766666667,0.68494152,"[[96 18]
 [17 19]]",,,distance_center_own_opposite_tam,func_own_opp_new_v1,0.915789474,0.246666667,0.355035566,0.263605541,0.756706935,0.58122807
0,1,distance_center_own_opposite_tam,func_own_opp_new_v2,0.842105263,0.527777778,0.666666667,0.520547945,0.766666667,0.68494152,"[[96 18]
 [17 19]]",,,distance_center_own_opposite_tam,func_own_opp_new_v2,0.915789474,0.246666667,0.355035566,0.263605541,0.756706935,0.58122807
0,1,SVM,SVM,0.98245614,0.057142857,0.236939551,0.102564103,0.765100671,0.519799499,"[[112   2]
 [ 33   2]]",,4,SVM,SVM,0.998245614,0,0,0,0.760706935,0.499122807
0,1,WSVM,WSVM,0.824561404,0.4,0.574303545,0.405797101,0.724832215,0.612280702,"[[94 20]
 [21 14]]",,,WSVM,WSVM,0.959649123,0.112857143,0.201110234,0.140147783,0.75803132,0.536253133
0,1,own_class_center,lin_center_own,0.807017544,0.542857143,0.661887633,0.5,0.744966443,0.674937343,"[[92 22]
 [16 19]]",,,own_class_center,lin_center_own,0.952631579,0.122222222,0.207587925,0.145703339,0.755373602,0.537426901
0,1,own_class_center,exp,0.815789474,0.457142857,0.610681857,0.444444444,0.731543624,0.636466165,"[[93 21]
 [19 16]]",,,own_class_center,exp,0.959649123,0.111111111,0.199854319,0.139987827,0.758040268,0.535380117
0,1,estimated_hyper_lin,lin_center_own,0.771929825,0.571428571,0.664155672,0.49382716,0.724832215,0.671679198,"[[88 26]
 [15 20]]",,,estimated_hyper_lin,lin_center_own,0.952631579,0.122222222,0.207587925,0.145703339,0.755373602,0.537426901
0,1,estimated_hyper_lin,exp,0.754385965,0.571428571,0.656565072,0.481927711,0.711409396,0.662907268,"[[86 28]
 [15 20]]",,,estimated_hyper_lin,exp,0.952631579,0.116666667,0.202817711,0.140378198,0.754040268,0.534649123
0,1,actual_hyper_lin,lin_center_own,0.543859649,0.828571429,0.671287246,0.5,0.610738255,0.686215539,"[[62 52]
 [ 6 29]]",,,actual_hyper_lin,lin_center_own,0.861403509,0.337777778,0.384638131,0.284642541,0.73661745,0.599590643
0,1,actual_hyper_lin,exp,0.771929825,0.6,0.680557047,0.512195122,0.731543624,0.685964912,"[[88 26]
 [14 21]]",,,actual_hyper_lin,exp,0.894736842,0.339365079,0.480132423,0.361980535,0.762085011,0.617050961
0,1,distance_center_own_opposite_tam,func_own_opp_new,0.807017544,0.542857143,0.661887633,0.5,0.744966443,0.674937343,"[[92 22]
 [16 19]]",,,distance_center_own_opposite_tam,func_own_opp_new,0.89122807,0.339206349,0.479727567,0.360199583,0.759391499,0.61521721
0,1,distance_center_own_opposite_tam,func_own_opp_new_v1,0.807017544,0.542857143,0.661887633,0.5,0.744966443,0.674937343,"[[92 22]
 [16 19]]",,,distance_center_own_opposite_tam,func_own_opp_new_v1,0.952631579,0.122222222,0.207587925,0.145703339,0.755373602,0.537426901
0,1,distance_center_own_opposite_tam,func_own_opp_new_v2,0.807017544,0.542857143,0.661887633,0.5,0.744966443,0.674937343,"[[92 22]
 [16 19]]",,,distance_center_own_opposite_tam,func_own_opp_new_v2,0.952631579,0.122222222,0.207587925,0.145703339,0.755373602,0.537426901
0,1,SVM,SVM,1,0,0,0,0.765100671,0.5,"[[114   0]
 [ 35   0]]",,5,SVM,SVM,0.998245614,0.011111111,0.066520146,0.021337127,0.763373602,0.504678363
0,1,WSVM,WSVM,0.912280702,0.314285714,0.535459421,0.392857143,0.771812081,0.613283208,"[[104  10]
 [ 24  11]]",,,WSVM,WSVM,0.959649123,0.088888889,0.178797709,0.115324675,0.752706935,0.524269006
0,1,own_class_center,lin_center_own,0.877192982,0.371428571,0.570801661,0.419354839,0.758389262,0.624310777,"[[100  14]
 [ 22  13]]",,,own_class_center,lin_center_own,0.910526316,0.222222222,0.334258791,0.23878012,0.747373602,0.566374269
0,1,own_class_center,exp,1,0,0,0,0.765100671,0.5,"[[114   0]
 [ 35   0]]",,,own_class_center,exp,0.954385965,0.105555556,0.191434453,0.128042328,0.752706935,0.52997076
0,1,estimated_hyper_lin,lin_center_own,1,0,0,0,0.765100671,0.5,"[[114   0]
 [ 35   0]]",,,estimated_hyper_lin,lin_center_own,0.910526316,0.222222222,0.334258791,0.23878012,0.747373602,0.566374269
0,1,estimated_hyper_lin,exp,1,0,0,0,0.765100671,0.5,"[[114   0]
 [ 35   0]]",,,estimated_hyper_lin,exp,0.952631579,0.111111111,0.19542038,0.132159091,0.752706935,0.531871345
0,1,actual_hyper_lin,lin_center_own,0.719298246,0.542857143,0.624880941,0.441860465,0.677852349,0.631077694,"[[82 32]
 [16 19]]",,,actual_hyper_lin,lin_center_own,0.884210526,0.283333333,0.368192729,0.27,0.742040268,0.58377193
0,1,actual_hyper_lin,exp,0.877192982,0.371428571,0.570801661,0.419354839,0.758389262,0.624310777,"[[100  14]
 [ 22  13]]",,,actual_hyper_lin,exp,0.884210526,0.347777778,0.483586319,0.362586357,0.756760626,0.615994152
0,1,distance_center_own_opposite_tam,func_own_opp_new,0.877192982,0.371428571,0.570801661,0.419354839,0.758389262,0.624310777,"[[100  14]
 [ 22  13]]",,,distance_center_own_opposite_tam,func_own_opp_new,0.889473684,0.358730159,0.495263525,0.37876318,0.76344519,0.624101921
0,1,distance_center_own_opposite_tam,func_own_opp_new_v1,0.877192982,0.371428571,0.570801661,0.419354839,0.758389262,0.624310777,"[[100  14]
 [ 22  13]]",,,distance_center_own_opposite_tam,func_own_opp_new_v1,0.910526316,0.222222222,0.334258791,0.23878012,0.747373602,0.566374269
0,1,distance_center_own_opposite_tam,func_own_opp_new_v2,0.877192982,0.371428571,0.570801661,0.419354839,0.758389262,0.624310777,"[[100  14]
 [ 22  13]]",,,distance_center_own_opposite_tam,func_own_opp_new_v2,0.910526316,0.222222222,0.334258791,0.23878012,0.747373602,0.566374269
Times,Fold,Name Method,Name Function,SP,SE,Gmean,F1 Score,Accuracy,AUC,Ma tran nham lan,,Total,SVM,SVM,0.99754386,0.005619048,0.029418974,0.010475253,0.761506935,0.501581454
1,1,SVM,SVM,1,0,0,0,0.76,0.5,"[[114   0]
 [ 36   0]]",,,WSVM,WSVM,0.954035088,0.117809524,0.202587613,0.140340398,0.755096197,0.535922306
1,1,WSVM,WSVM,0.912280702,0.25,0.477566933,0.327272727,0.753333333,0.581140351,"[[104  10]
 [ 27   9]]",,,own_class_center,lin_center_own,0.910877193,0.24752381,0.366514091,0.268021279,0.753225951,0.579200501
1,1,own_class_center,lin_center_own,0.877192982,0.388888889,0.58406387,0.4375,0.76,0.633040936,"[[100  14]
 [ 22  14]]",,,own_class_center,exp,0.927368421,0.214793651,0.33253859,0.243230301,0.75802953,0.571081036
1,1,own_class_center,exp,0.877192982,0.361111111,0.562818028,0.412698413,0.753333333,0.619152047,"[[100  14]
 [ 23  13]]",,,estimated_hyper_lin,lin_center_own,0.920701754,0.220507937,0.323089891,0.236970317,0.754290828,0.570604845
1,1,estimated_hyper_lin,lin_center_own,0.877192982,0.388888889,0.58406387,0.4375,0.76,0.633040936,"[[100  14]
 [ 22  14]]",,,estimated_hyper_lin,exp,0.938245614,0.16384127,0.245514307,0.176960645,0.754024161,0.551043442
1,1,estimated_hyper_lin,exp,1,0,0,0,0.76,0.5,"[[114   0]
 [ 36   0]]",,,actual_hyper_lin,lin_center_own,0.807368421,0.422666667,0.458286677,0.344513143,0.71581387,0.615017544
1,1,actual_hyper_lin,lin_center_own,0.736842105,0.583333333,0.655610068,0.482758621,0.7,0.660087719,"[[84 30]
 [15 21]]",,,actual_hyper_lin,exp,0.881754386,0.367777778,0.51175421,0.386707653,0.759389709,0.624766082
1,1,actual_hyper_lin,exp,0.850877193,0.416666667,0.595426035,0.441176471,0.746666667,0.63377193,"[[97 17]
 [21 15]]",,,distance_center_own_opposite_tam,func_own_opp_new,0.876491228,0.405936508,0.565651853,0.431716426,0.764456376,0.641213868
1,1,distance_center_own_opposite_tam,func_own_opp_new,0.850877193,0.416666667,0.595426035,0.441176471,0.746666667,0.63377193,"[[97 17]
 [21 15]]",,,distance_center_own_opposite_tam,func_own_opp_new_v1,0.909824561,0.253079365,0.370577623,0.272270736,0.753759284,0.581451963
1,1,distance_center_own_opposite_tam,func_own_opp_new_v1,0.850877193,0.416666667,0.595426035,0.441176471,0.746666667,0.63377193,"[[97 17]
 [21 15]]",,,distance_center_own_opposite_tam,func_own_opp_new_v2,0.909824561,0.253079365,0.370577623,0.272270736,0.753759284,0.581451963
1,1,distance_center_own_opposite_tam,func_own_opp_new_v2,0.850877193,0.416666667,0.595426035,0.441176471,0.746666667,0.63377193,"[[97 17]
 [21 15]]",,,,,,,,,,
1,1,SVM,SVM,1,0,0,0,0.76,0.5,"[[114   0]
 [ 36   0]]",,,,,,,,,,
1,1,WSVM,WSVM,1,0,0,0,0.76,0.5,"[[114   0]
 [ 36   0]]",,,,,,,,,,
1,1,own_class_center,lin_center_own,0.885964912,0.333333333,0.543435035,0.393442623,0.753333333,0.609649123,"[[101  13]
 [ 24  12]]",,,,,,,,,,
1,1,own_class_center,exp,0.929824561,0.277777778,0.50821708,0.37037037,0.773333333,0.60380117,"[[106   8]
 [ 26  10]]",,,,,,,,,,
1,1,estimated_hyper_lin,lin_center_own,0.885964912,0.333333333,0.543435035,0.393442623,0.753333333,0.609649123,"[[101  13]
 [ 24  12]]",,,,,,,,,,
1,1,estimated_hyper_lin,exp,1,0,0,0,0.76,0.5,"[[114   0]
 [ 36   0]]",,,,,,,,,,
1,1,actual_hyper_lin,lin_center_own,1,0,0,0,0.76,0.5,"[[114   0]
 [ 36   0]]",,,,,,,,,,
1,1,actual_hyper_lin,exp,0.885964912,0.5,0.665569272,0.537313433,0.793333333,0.692982456,"[[101  13]
 [ 18  18]]",,,,,,,,,,
1,1,distance_center_own_opposite_tam,func_own_opp_new,0.885964912,0.5,0.665569272,0.537313433,0.793333333,0.692982456,"[[101  13]
 [ 18  18]]",,,,,,,,,,
1,1,distance_center_own_opposite_tam,func_own_opp_new_v1,0.885964912,0.333333333,0.543435035,0.393442623,0.753333333,0.609649123,"[[101  13]
 [ 24  12]]",,,,,,,,,,
1,1,distance_center_own_opposite_tam,func_own_opp_new_v2,0.885964912,0.333333333,0.543435035,0.393442623,0.753333333,0.609649123,"[[101  13]
 [ 24  12]]",,,,,,,,,,
1,1,SVM,SVM,0.99122807,0,0,0,0.753333333,0.495614035,"[[113   1]
 [ 36   0]]",,,,,,,,,,
1,1,WSVM,WSVM,0.824561404,0.361111111,0.545672323,0.376811594,0.713333333,0.592836257,"[[94 20]
 [23 13]]",,,,,,,,,,
1,1,own_class_center,lin_center_own,0.824561404,0.361111111,0.545672323,0.376811594,0.713333333,0.592836257,"[[94 20]
 [23 13]]",,,,,,,,,,
1,1,own_class_center,exp,0.824561404,0.388888889,0.566270932,0.4,0.72,0.606725146,"[[94 20]
 [22 14]]",,,,,,,,,,
1,1,estimated_hyper_lin,lin_center_own,0.824561404,0.416666667,0.586146101,0.422535211,0.726666667,0.620614035,"[[94 20]
 [21 15]]",,,,,,,,,,
1,1,estimated_hyper_lin,exp,0.815789474,0.388888889,0.563250798,0.394366197,0.713333333,0.602339181,"[[93 21]
 [22 14]]",,,,,,,,,,
1,1,actual_hyper_lin,lin_center_own,0.824561404,0.444444444,0.60536909,0.444444444,0.733333333,0.634502924,"[[94 20]
 [20 16]]",,,,,,,,,,
1,1,actual_hyper_lin,exp,0.824561404,0.361111111,0.545672323,0.376811594,0.713333333,0.592836257,"[[94 20]
 [23 13]]",,,,,,,,,,
1,1,distance_center_own_opposite_tam,func_own_opp_new,0.824561404,0.472222222,0.624000175,0.465753425,0.74,0.648391813,"[[94 20]
 [19 17]]",,,,,,,,,,
1,1,distance_center_own_opposite_tam,func_own_opp_new_v1,0.824561404,0.361111111,0.545672323,0.376811594,0.713333333,0.592836257,"[[94 20]
 [23 13]]",,,,,,,,,,
1,1,distance_center_own_opposite_tam,func_own_opp_new_v2,0.824561404,0.361111111,0.545672323,0.376811594,0.713333333,0.592836257,"[[94 20]
 [23 13]]",,,,,,,,,,
1,1,SVM,SVM,1,0,0,0,0.765100671,0.5,"[[114   0]
 [ 35   0]]",,,,,,,,,,
1,1,WSVM,WSVM,1,0,0,0,0.765100671,0.5,"[[114   0]
 [ 35   0]]",,,,,,,,,,
1,1,own_class_center,lin_center_own,0.824561404,0.457142857,0.613956314,0.450704225,0.738255034,0.64085213,"[[94 20]
 [19 16]]",,,,,,,,,,
1,1,own_class_center,exp,0.824561404,0.457142857,0.613956314,0.450704225,0.738255034,0.64085213,"[[94 20]
 [19 16]]",,,,,,,,,,
1,1,estimated_hyper_lin,lin_center_own,0.824561404,0.485714286,0.632851683,0.472222222,0.744966443,0.655137845,"[[94 20]
 [18 17]]",,,,,,,,,,
1,1,estimated_hyper_lin,exp,0.833333333,0.485714286,0.63620901,0.478873239,0.751677852,0.65952381,"[[95 19]
 [18 17]]",,,,,,,,,,
1,1,actual_hyper_lin,lin_center_own,0.807017544,0.514285714,0.644234114,0.48,0.738255034,0.660651629,"[[92 22]
 [17 18]]",,,,,,,,,,
1,1,actual_hyper_lin,exp,0.824561404,0.457142857,0.613956314,0.450704225,0.738255034,0.64085213,"[[94 20]
 [19 16]]",,,,,,,,,,
1,1,distance_center_own_opposite_tam,func_own_opp_new,0.833333333,0.457142857,0.6172134,0.457142857,0.744966443,0.645238095,"[[95 19]
 [19 16]]",,,,,,,,,,
1,1,distance_center_own_opposite_tam,func_own_opp_new_v1,0.824561404,0.457142857,0.613956314,0.450704225,0.738255034,0.64085213,"[[94 20]
 [19 16]]",,,,,,,,,,
1,1,distance_center_own_opposite_tam,func_own_opp_new_v2,0.824561404,0.457142857,0.613956314,0.450704225,0.738255034,0.64085213,"[[94 20]
 [19 16]]",,,,,,,,,,
1,1,SVM,SVM,1,0,0,0,0.765100671,0.5,"[[114   0]
 [ 35   0]]",,,,,,,,,,
1,1,WSVM,WSVM,1,0,0,0,0.765100671,0.5,"[[114   0]
 [ 35   0]]",,,,,,,,,,
1,1,own_class_center,lin_center_own,1,0,0,0,0.765100671,0.5,"[[114   0]
 [ 35   0]]",,,,,,,,,,
1,1,own_class_center,exp,1,0,0,0,0.765100671,0.5,"[[114   0]
 [ 35   0]]",,,,,,,,,,
1,1,estimated_hyper_lin,lin_center_own,1,0,0,0,0.765100671,0.5,"[[114   0]
 [ 35   0]]",,,,,,,,,,
1,1,estimated_hyper_lin,exp,1,0,0,0,0.765100671,0.5,"[[114   0]
 [ 35   0]]",,,,,,,,,,
1,1,actual_hyper_lin,lin_center_own,0.745614035,0.714285714,0.729781785,0.561797753,0.738255034,0.729949875,"[[85 29]
 [10 25]]",,,,,,,,,,
1,1,actual_hyper_lin,exp,0.921052632,0.457142857,0.648885685,0.533333333,0.812080537,0.689097744,"[[105   9]
 [ 19  16]]",,,,,,,,,,
1,1,distance_center_own_opposite_tam,func_own_opp_new,0.929824561,0.371428571,0.587676279,0.464285714,0.798657718,0.650626566,"[[106   8]
 [ 22  13]]",,,,,,,,,,
1,1,distance_center_own_opposite_tam,func_own_opp_new_v1,1,0,0,0,0.765100671,0.5,"[[114   0]
 [ 35   0]]",,,,,,,,,,
1,1,distance_center_own_opposite_tam,func_own_opp_new_v2,1,0,0,0,0.765100671,0.5,"[[114   0]
 [ 35   0]]",,,,,,,,,,
Times,Fold,Name Method,Name Function,SP,SE,Gmean,F1 Score,Accuracy,AUC,Ma tran nham lan,,,,,,,,,,
2,1,SVM,SVM,0.99122807,0.027777778,0.165934062,0.052631579,0.76,0.509502924,"[[113   1]
 [ 35   1]]",,,,,,,,,,
2,1,WSVM,WSVM,0.903508772,0.222222222,0.448084509,0.290909091,0.74,0.562865497,"[[103  11]
 [ 28   8]]",,,,,,,,,,
2,1,own_class_center,lin_center_own,0.877192982,0.25,0.468292906,0.305084746,0.726666667,0.563596491,"[[100  14]
 [ 27   9]]",,,,,,,,,,
2,1,own_class_center,exp,0.877192982,0.222222222,0.441510786,0.275862069,0.72,0.549707602,"[[100  14]
 [ 28   8]]",,,,,,,,,,
2,1,estimated_hyper_lin,lin_center_own,0.877192982,0.333333333,0.54073807,0.387096774,0.746666667,0.605263158,"[[100  14]
 [ 24  12]]",,,,,,,,,,
2,1,estimated_hyper_lin,exp,0.877192982,0.305555556,0.517717287,0.360655738,0.74,0.591374269,"[[100  14]
 [ 25  11]]",,,,,,,,,,
2,1,actual_hyper_lin,lin_center_own,0.754385965,0.583333333,0.663369037,0.494117647,0.713333333,0.668859649,"[[86 28]
 [15 21]]",,,,,,,,,,
2,1,actual_hyper_lin,exp,0.877192982,0.333333333,0.54073807,0.387096774,0.746666667,0.605263158,"[[100  14]
 [ 24  12]]",,,,,,,,,,
2,1,distance_center_own_opposite_tam,func_own_opp_new,0.877192982,0.333333333,0.54073807,0.387096774,0.746666667,0.605263158,"[[100  14]
 [ 24  12]]",,,,,,,,,,
2,1,distance_center_own_opposite_tam,func_own_opp_new_v1,0.877192982,0.333333333,0.54073807,0.387096774,0.746666667,0.605263158,"[[100  14]
 [ 24  12]]",,,,,,,,,,
2,1,distance_center_own_opposite_tam,func_own_opp_new_v2,0.877192982,0.333333333,0.54073807,0.387096774,0.746666667,0.605263158,"[[100  14]
 [ 24  12]]",,,,,,,,,,
2,1,SVM,SVM,1,0,0,0,0.76,0.5,"[[114   0]
 [ 36   0]]",,,,,,,,,,
2,1,WSVM,WSVM,1,0,0,0,0.76,0.5,"[[114   0]
 [ 36   0]]",,,,,,,,,,
2,1,own_class_center,lin_center_own,1,0,0,0,0.76,0.5,"[[114   0]
 [ 36   0]]",,,,,,,,,,
2,1,own_class_center,exp,0.938596491,0.388888889,0.604160365,0.49122807,0.806666667,0.66374269,"[[107   7]
 [ 22  14]]",,,,,,,,,,
2,1,estimated_hyper_lin,lin_center_own,1,0,0,0,0.76,0.5,"[[114   0]
 [ 36   0]]",,,,,,,,,,
2,1,estimated_hyper_lin,exp,1,0,0,0,0.76,0.5,"[[114   0]
 [ 36   0]]",,,,,,,,,,
2,1,actual_hyper_lin,lin_center_own,1,0,0,0,0.76,0.5,"[[114   0]
 [ 36   0]]",,,,,,,,,,
2,1,actual_hyper_lin,exp,0.885964912,0.527777778,0.683807424,0.558823529,0.8,0.706871345,"[[101  13]
 [ 17  19]]",,,,,,,,,,
2,1,distance_center_own_opposite_tam,func_own_opp_new,0.921052632,0.527777778,0.697216689,0.59375,0.826666667,0.724415205,"[[105   9]
 [ 17  19]]",,,,,,,,,,
2,1,distance_center_own_opposite_tam,func_own_opp_new_v1,1,0,0,0,0.76,0.5,"[[114   0]
 [ 36   0]]",,,,,,,,,,
2,1,distance_center_own_opposite_tam,func_own_opp_new_v2,1,0,0,0,0.76,0.5,"[[114   0]
 [ 36   0]]",,,,,,,,,,
2,1,SVM,SVM,0.99122807,0,0,0,0.753333333,0.495614035,"[[113   1]
 [ 36   0]]",,,,,,,,,,
2,1,WSVM,WSVM,0.877192982,0.388888889,0.58406387,0.4375,0.76,0.633040936,"[[100  14]
 [ 22  14]]",,,,,,,,,,
2,1,own_class_center,lin_center_own,0.824561404,0.5,0.642090883,0.486486486,0.746666667,0.662280702,"[[94 20]
 [18 18]]",,,,,,,,,,
2,1,own_class_center,exp,0.833333333,0.472222222,0.627310544,0.472222222,0.746666667,0.652777778,"[[95 19]
 [19 17]]",,,,,,,,,,
2,1,estimated_hyper_lin,lin_center_own,0.824561404,0.5,0.642090883,0.486486486,0.746666667,0.662280702,"[[94 20]
 [18 18]]",,,,,,,,,,
2,1,estimated_hyper_lin,exp,0.824561404,0.5,0.642090883,0.486486486,0.746666667,0.662280702,"[[94 20]
 [18 18]]",,,,,,,,,,
2,1,actual_hyper_lin,lin_center_own,0.640350877,0.694444444,0.66684939,0.490196078,0.653333333,0.667397661,"[[73 41]
 [11 25]]",,,,,,,,,,
2,1,actual_hyper_lin,exp,0.824561404,0.5,0.642090883,0.486486486,0.746666667,0.662280702,"[[94 20]
 [18 18]]",,,,,,,,,,
2,1,distance_center_own_opposite_tam,func_own_opp_new,0.842105263,0.5,0.648885685,0.5,0.76,0.671052632,"[[96 18]
 [18 18]]",,,,,,,,,,
2,1,distance_center_own_opposite_tam,func_own_opp_new_v1,0.824561404,0.5,0.642090883,0.486486486,0.746666667,0.662280702,"[[94 20]
 [18 18]]",,,,,,,,,,
2,1,distance_center_own_opposite_tam,func_own_opp_new_v2,0.824561404,0.5,0.642090883,0.486486486,0.746666667,0.662280702,"[[94 20]
 [18 18]]",,,,,,,,,,
2,1,SVM,SVM,1,0,0,0,0.765100671,0.5,"[[114   0]
 [ 35   0]]",,,,,,,,,,
2,1,WSVM,WSVM,1,0,0,0,0.765100671,0.5,"[[114   0]
 [ 35   0]]",,,,,,,,,,
2,1,own_class_center,lin_center_own,1,0,0,0,0.765100671,0.5,"[[114   0]
 [ 35   0]]",,,,,,,,,,
2,1,own_class_center,exp,1,0,0,0,0.765100671,0.5,"[[114   0]
 [ 35   0]]",,,,,,,,,,
2,1,estimated_hyper_lin,lin_center_own,1,0,0,0,0.765100671,0.5,"[[114   0]
 [ 35   0]]",,,,,,,,,,
2,1,estimated_hyper_lin,exp,1,0,0,0,0.765100671,0.5,"[[114   0]
 [ 35   0]]",,,,,,,,,,
2,1,actual_hyper_lin,lin_center_own,0.850877193,0.542857143,0.679635757,0.535211268,0.77852349,0.696867168,"[[97 17]
 [16 19]]",,,,,,,,,,
2,1,actual_hyper_lin,exp,1,0,0,0,0.765100671,0.5,"[[114   0]
 [ 35   0]]",,,,,,,,,,
2,1,distance_center_own_opposite_tam,func_own_opp_new,0.850877193,0.542857143,0.679635757,0.535211268,0.77852349,0.696867168,"[[97 17]
 [16 19]]",,,,,,,,,,
2,1,distance_center_own_opposite_tam,func_own_opp_new_v1,1,0,0,0,0.765100671,0.5,"[[114   0]
 [ 35   0]]",,,,,,,,,,
2,1,distance_center_own_opposite_tam,func_own_opp_new_v2,1,0,0,0,0.765100671,0.5,"[[114   0]
 [ 35   0]]",,,,,,,,,,
2,1,SVM,SVM,1,0,0,0,0.765100671,0.5,"[[114   0]
 [ 35   0]]",,,,,,,,,,
2,1,WSVM,WSVM,1,0,0,0,0.765100671,0.5,"[[114   0]
 [ 35   0]]",,,,,,,,,,
2,1,own_class_center,lin_center_own,0.877192982,0.4,0.592348878,0.444444444,0.765100671,0.638596491,"[[100  14]
 [ 21  14]]",,,,,,,,,,
2,1,own_class_center,exp,0.903508772,0.4,0.601168453,0.466666667,0.785234899,0.651754386,"[[103  11]
 [ 21  14]]",,,,,,,,,,
2,1,estimated_hyper_lin,lin_center_own,0.877192982,0.4,0.592348878,0.444444444,0.765100671,0.638596491,"[[100  14]
 [ 21  14]]",,,,,,,,,,
2,1,estimated_hyper_lin,exp,0.885964912,0.4,0.595303255,0.451612903,0.771812081,0.642982456,"[[101  13]
 [ 21  14]]",,,,,,,,,,
2,1,actual_hyper_lin,lin_center_own,0.859649123,0.457142857,0.626883128,0.47761194,0.765100671,0.65839599,"[[98 16]
 [19 16]]",,,,,,,,,,
2,1,actual_hyper_lin,exp,0.877192982,0.428571429,0.613139339,0.46875,0.771812081,0.652882206,"[[100  14]
 [ 20  15]]",,,,,,,,,,
2,1,distance_center_own_opposite_tam,func_own_opp_new,0.859649123,0.428571429,0.606976979,0.454545455,0.758389262,0.644110276,"[[98 16]
 [20 15]]",,,,,,,,,,
2,1,distance_center_own_opposite_tam,func_own_opp_new_v1,0.877192982,0.4,0.592348878,0.444444444,0.765100671,0.638596491,"[[100  14]
 [ 21  14]]",,,,,,,,,,
2,1,distance_center_own_opposite_tam,func_own_opp_new_v2,0.877192982,0.4,0.592348878,0.444444444,0.765100671,0.638596491,"[[100  14]
 [ 21  14]]",,,,,,,,,,
Times,Fold,Name Method,Name Function,SP,SE,Gmean,F1 Score,Accuracy,AUC,Ma tran nham lan,,,,,,,,,,
3,1,SVM,SVM,1,0,0,0,0.76,0.5,"[[114   0]
 [ 36   0]]",,,,,,,,,,
3,1,WSVM,WSVM,1,0,0,0,0.76,0.5,"[[114   0]
 [ 36   0]]",,,,,,,,,,
3,1,own_class_center,lin_center_own,0.903508772,0.305555556,0.525425661,0.379310345,0.76,0.604532164,"[[103  11]
 [ 25  11]]",,,,,,,,,,
3,1,own_class_center,exp,0.938596491,0.277777778,0.510608703,0.377358491,0.78,0.608187135,"[[107   7]
 [ 26  10]]",,,,,,,,,,
3,1,estimated_hyper_lin,lin_center_own,0.903508772,0.305555556,0.525425661,0.379310345,0.76,0.604532164,"[[103  11]
 [ 25  11]]",,,,,,,,,,
3,1,estimated_hyper_lin,exp,0.903508772,0.305555556,0.525425661,0.379310345,0.76,0.604532164,"[[103  11]
 [ 25  11]]",,,,,,,,,,
3,1,actual_hyper_lin,lin_center_own,0.868421053,0.333333333,0.538027587,0.380952381,0.74,0.600877193,"[[99 15]
 [24 12]]",,,,,,,,,,
3,1,actual_hyper_lin,exp,0.903508772,0.305555556,0.525425661,0.379310345,0.76,0.604532164,"[[103  11]
 [ 25  11]]",,,,,,,,,,
3,1,distance_center_own_opposite_tam,func_own_opp_new,0.894736842,0.305555556,0.52286883,0.372881356,0.753333333,0.600146199,"[[102  12]
 [ 25  11]]",,,,,,,,,,
3,1,distance_center_own_opposite_tam,func_own_opp_new_v1,0.903508772,0.305555556,0.525425661,0.379310345,0.76,0.604532164,"[[103  11]
 [ 25  11]]",,,,,,,,,,
3,1,distance_center_own_opposite_tam,func_own_opp_new_v2,0.903508772,0.305555556,0.525425661,0.379310345,0.76,0.604532164,"[[103  11]
 [ 25  11]]",,,,,,,,,,
3,1,SVM,SVM,0.99122807,0,0,0,0.753333333,0.495614035,"[[113   1]
 [ 36   0]]",,,,,,,,,,
3,1,WSVM,WSVM,0.903508772,0.25,0.475265392,0.321428571,0.746666667,0.576754386,"[[103  11]
 [ 27   9]]",,,,,,,,,,
3,1,own_class_center,lin_center_own,0.859649123,0.305555556,0.512513966,0.349206349,0.726666667,0.582602339,"[[98 16]
 [25 11]]",,,,,,,,,,
3,1,own_class_center,exp,0.859649123,0.277777778,0.488662893,0.322580645,0.72,0.56871345,"[[98 16]
 [26 10]]",,,,,,,,,,
3,1,estimated_hyper_lin,lin_center_own,0.859649123,0.305555556,0.512513966,0.349206349,0.726666667,0.582602339,"[[98 16]
 [25 11]]",,,,,,,,,,
3,1,estimated_hyper_lin,exp,0.859649123,0.277777778,0.488662893,0.322580645,0.72,0.56871345,"[[98 16]
 [26 10]]",,,,,,,,,,
3,1,actual_hyper_lin,lin_center_own,0.771929825,0.555555556,0.654866324,0.487804878,0.72,0.66374269,"[[88 26]
 [16 20]]",,,,,,,,,,
3,1,actual_hyper_lin,exp,0.859649123,0.305555556,0.512513966,0.349206349,0.726666667,0.582602339,"[[98 16]
 [25 11]]",,,,,,,,,,
3,1,distance_center_own_opposite_tam,func_own_opp_new,0.868421053,0.333333333,0.538027587,0.380952381,0.74,0.600877193,"[[99 15]
 [24 12]]",,,,,,,,,,
3,1,distance_center_own_opposite_tam,func_own_opp_new_v1,0.859649123,0.305555556,0.512513966,0.349206349,0.726666667,0.582602339,"[[98 16]
 [25 11]]",,,,,,,,,,
3,1,distance_center_own_opposite_tam,func_own_opp_new_v2,0.859649123,0.305555556,0.512513966,0.349206349,0.726666667,0.582602339,"[[98 16]
 [25 11]]",,,,,,,,,,
3,1,SVM,SVM,1,0,0,0,0.76,0.5,"[[114   0]
 [ 36   0]]",,,,,,,,,,
3,1,WSVM,WSVM,1,0,0,0,0.76,0.5,"[[114   0]
 [ 36   0]]",,,,,,,,,,
3,1,own_class_center,lin_center_own,1,0,0,0,0.76,0.5,"[[114   0]
 [ 36   0]]",,,,,,,,,,
3,1,own_class_center,exp,1,0,0,0,0.76,0.5,"[[114   0]
 [ 36   0]]",,,,,,,,,,
3,1,estimated_hyper_lin,lin_center_own,1,0,0,0,0.76,0.5,"[[114   0]
 [ 36   0]]",,,,,,,,,,
3,1,estimated_hyper_lin,exp,1,0,0,0,0.76,0.5,"[[114   0]
 [ 36   0]]",,,,,,,,,,
3,1,actual_hyper_lin,lin_center_own,1,0,0,0,0.76,0.5,"[[114   0]
 [ 36   0]]",,,,,,,,,,
3,1,actual_hyper_lin,exp,1,0,0,0,0.76,0.5,"[[114   0]
 [ 36   0]]",,,,,,,,,,
3,1,distance_center_own_opposite_tam,func_own_opp_new,1,0,0,0,0.76,0.5,"[[114   0]
 [ 36   0]]",,,,,,,,,,
3,1,distance_center_own_opposite_tam,func_own_opp_new_v1,1,0,0,0,0.76,0.5,"[[114   0]
 [ 36   0]]",,,,,,,,,,
3,1,distance_center_own_opposite_tam,func_own_opp_new_v2,1,0,0,0,0.76,0.5,"[[114   0]
 [ 36   0]]",,,,,,,,,,
3,1,SVM,SVM,1,0,0,0,0.765100671,0.5,"[[114   0]
 [ 35   0]]",,,,,,,,,,
3,1,WSVM,WSVM,1,0,0,0,0.765100671,0.5,"[[114   0]
 [ 35   0]]",,,,,,,,,,
3,1,own_class_center,lin_center_own,1,0,0,0,0.765100671,0.5,"[[114   0]
 [ 35   0]]",,,,,,,,,,
3,1,own_class_center,exp,1,0,0,0,0.765100671,0.5,"[[114   0]
 [ 35   0]]",,,,,,,,,,
3,1,estimated_hyper_lin,lin_center_own,1,0,0,0,0.765100671,0.5,"[[114   0]
 [ 35   0]]",,,,,,,,,,
3,1,estimated_hyper_lin,exp,1,0,0,0,0.765100671,0.5,"[[114   0]
 [ 35   0]]",,,,,,,,,,
3,1,actual_hyper_lin,lin_center_own,0.666666667,0.8,0.730296743,0.554455446,0.697986577,0.733333333,"[[76 38]
 [ 7 28]]",,,,,,,,,,
3,1,actual_hyper_lin,exp,0.885964912,0.571428571,0.711523481,0.588235294,0.812080537,0.728696742,"[[101  13]
 [ 15  20]]",,,,,,,,,,
3,1,distance_center_own_opposite_tam,func_own_opp_new,0.885964912,0.542857143,0.693507304,0.567164179,0.805369128,0.714411028,"[[101  13]
 [ 16  19]]",,,,,,,,,,
3,1,distance_center_own_opposite_tam,func_own_opp_new_v1,1,0,0,0,0.765100671,0.5,"[[114   0]
 [ 35   0]]",,,,,,,,,,
3,1,distance_center_own_opposite_tam,func_own_opp_new_v2,1,0,0,0,0.765100671,0.5,"[[114   0]
 [ 35   0]]",,,,,,,,,,
3,1,SVM,SVM,1,0,0,0,0.765100671,0.5,"[[114   0]
 [ 35   0]]",,,,,,,,,,
3,1,WSVM,WSVM,0.894736842,0.314285714,0.530285779,0.379310345,0.758389262,0.604511278,"[[102  12]
 [ 24  11]]",,,,,,,,,,
3,1,own_class_center,lin_center_own,1,0,0,0,0.765100671,0.5,"[[114   0]
 [ 35   0]]",,,,,,,,,,
3,1,own_class_center,exp,1,0,0,0,0.765100671,0.5,"[[114   0]
 [ 35   0]]",,,,,,,,,,
3,1,estimated_hyper_lin,lin_center_own,1,0,0,0,0.765100671,0.5,"[[114   0]
 [ 35   0]]",,,,,,,,,,
3,1,estimated_hyper_lin,exp,1,0,0,0,0.765100671,0.5,"[[114   0]
 [ 35   0]]",,,,,,,,,,
3,1,actual_hyper_lin,lin_center_own,1,0,0,0,0.765100671,0.5,"[[114   0]
 [ 35   0]]",,,,,,,,,,
3,1,actual_hyper_lin,exp,0.824561404,0.514285714,0.65119901,0.493150685,0.751677852,0.669423559,"[[94 20]
 [17 18]]",,,,,,,,,,
3,1,distance_center_own_opposite_tam,func_own_opp_new,0.807017544,0.514285714,0.644234114,0.48,0.738255034,0.660651629,"[[92 22]
 [17 18]]",,,,,,,,,,
3,1,distance_center_own_opposite_tam,func_own_opp_new_v1,1,0,0,0,0.765100671,0.5,"[[114   0]
 [ 35   0]]",,,,,,,,,,
3,1,distance_center_own_opposite_tam,func_own_opp_new_v2,1,0,0,0,0.765100671,0.5,"[[114   0]
 [ 35   0]]",,,,,,,,,,
Times,Fold,Name Method,Name Function,SP,SE,Gmean,F1 Score,Accuracy,AUC,Ma tran nham lan,,,,,,,,,,
4,1,SVM,SVM,1,0,0,0,0.76,0.5,"[[114   0]
 [ 36   0]]",,,,,,,,,,
4,1,WSVM,WSVM,1,0,0,0,0.76,0.5,"[[114   0]
 [ 36   0]]",,,,,,,,,,
4,1,own_class_center,lin_center_own,0.807017544,0.472222222,0.617326184,0.453333333,0.726666667,0.639619883,"[[92 22]
 [19 17]]",,,,,,,,,,
4,1,own_class_center,exp,1,0,0,0,0.76,0.5,"[[114   0]
 [ 36   0]]",,,,,,,,,,
4,1,estimated_hyper_lin,lin_center_own,0.807017544,0.472222222,0.617326184,0.453333333,0.726666667,0.639619883,"[[92 22]
 [19 17]]",,,,,,,,,,
4,1,estimated_hyper_lin,exp,1,0,0,0,0.76,0.5,"[[114   0]
 [ 36   0]]",,,,,,,,,,
4,1,actual_hyper_lin,lin_center_own,0.780701754,0.527777778,0.641901112,0.475,0.72,0.654239766,"[[89 25]
 [17 19]]",,,,,,,,,,
4,1,actual_hyper_lin,exp,0.807017544,0.472222222,0.617326184,0.453333333,0.726666667,0.639619883,"[[92 22]
 [19 17]]",,,,,,,,,,
4,1,distance_center_own_opposite_tam,func_own_opp_new,0.807017544,0.472222222,0.617326184,0.453333333,0.726666667,0.639619883,"[[92 22]
 [19 17]]",,,,,,,,,,
4,1,distance_center_own_opposite_tam,func_own_opp_new_v1,0.807017544,0.472222222,0.617326184,0.453333333,0.726666667,0.639619883,"[[92 22]
 [19 17]]",,,,,,,,,,
4,1,distance_center_own_opposite_tam,func_own_opp_new_v2,0.807017544,0.472222222,0.617326184,0.453333333,0.726666667,0.639619883,"[[92 22]
 [19 17]]",,,,,,,,,,
4,1,SVM,SVM,1,0.027777778,0.166666667,0.054054054,0.766666667,0.513888889,"[[114   0]
 [ 35   1]]",,,,,,,,,,
4,1,WSVM,WSVM,0.903508772,0.222222222,0.448084509,0.290909091,0.74,0.562865497,"[[103  11]
 [ 28   8]]",,,,,,,,,,
4,1,own_class_center,lin_center_own,0.877192982,0.361111111,0.562818028,0.412698413,0.753333333,0.619152047,"[[100  14]
 [ 23  13]]",,,,,,,,,,
4,1,own_class_center,exp,0.868421053,0.333333333,0.538027587,0.380952381,0.74,0.600877193,"[[99 15]
 [24 12]]",,,,,,,,,,
4,1,estimated_hyper_lin,lin_center_own,0.877192982,0.361111111,0.562818028,0.412698413,0.753333333,0.619152047,"[[100  14]
 [ 23  13]]",,,,,,,,,,
4,1,estimated_hyper_lin,exp,0.868421053,0.361111111,0.559996867,0.40625,0.746666667,0.614766082,"[[99 15]
 [23 13]]",,,,,,,,,,
4,1,actual_hyper_lin,lin_center_own,0.859649123,0.361111111,0.557161422,0.4,0.74,0.610380117,"[[98 16]
 [23 13]]",,,,,,,,,,
4,1,actual_hyper_lin,exp,0.877192982,0.333333333,0.54073807,0.387096774,0.746666667,0.605263158,"[[100  14]
 [ 24  12]]",,,,,,,,,,
4,1,distance_center_own_opposite_tam,func_own_opp_new,0.877192982,0.361111111,0.562818028,0.412698413,0.753333333,0.619152047,"[[100  14]
 [ 23  13]]",,,,,,,,,,
4,1,distance_center_own_opposite_tam,func_own_opp_new_v1,0.877192982,0.361111111,0.562818028,0.412698413,0.753333333,0.619152047,"[[100  14]
 [ 23  13]]",,,,,,,,,,
4,1,distance_center_own_opposite_tam,func_own_opp_new_v2,0.877192982,0.361111111,0.562818028,0.412698413,0.753333333,0.619152047,"[[100  14]
 [ 23  13]]",,,,,,,,,,
4,1,SVM,SVM,0.99122807,0.027777778,0.165934062,0.052631579,0.76,0.509502924,"[[113   1]
 [ 35   1]]",,,,,,,,,,
4,1,WSVM,WSVM,0.894736842,0.222222222,0.445904036,0.285714286,0.733333333,0.558479532,"[[102  12]
 [ 28   8]]",,,,,,,,,,
4,1,own_class_center,lin_center_own,0.868421053,0.277777778,0.491149743,0.327868852,0.726666667,0.573099415,"[[99 15]
 [26 10]]",,,,,,,,,,
4,1,own_class_center,exp,0.903508772,0.194444444,0.419144678,0.259259259,0.733333333,0.548976608,"[[103  11]
 [ 29   7]]",,,,,,,,,,
4,1,estimated_hyper_lin,lin_center_own,0.868421053,0.277777778,0.491149743,0.327868852,0.726666667,0.573099415,"[[99 15]
 [26 10]]",,,,,,,,,,
4,1,estimated_hyper_lin,exp,0.894736842,0.194444444,0.417105033,0.254545455,0.726666667,0.544590643,"[[102  12]
 [ 29   7]]",,,,,,,,,,
4,1,actual_hyper_lin,lin_center_own,0.780701754,0.527777778,0.641901112,0.475,0.72,0.654239766,"[[89 25]
 [17 19]]",,,,,,,,,,
4,1,actual_hyper_lin,exp,0.868421053,0.333333333,0.538027587,0.380952381,0.74,0.600877193,"[[99 15]
 [24 12]]",,,,,,,,,,
4,1,distance_center_own_opposite_tam,func_own_opp_new,0.868421053,0.388888889,0.581136213,0.430769231,0.753333333,0.628654971,"[[99 15]
 [22 14]]",,,,,,,,,,
4,1,distance_center_own_opposite_tam,func_own_opp_new_v1,0.868421053,0.277777778,0.491149743,0.327868852,0.726666667,0.573099415,"[[99 15]
 [26 10]]",,,,,,,,,,
4,1,distance_center_own_opposite_tam,func_own_opp_new_v2,0.868421053,0.277777778,0.491149743,0.327868852,0.726666667,0.573099415,"[[99 15]
 [26 10]]",,,,,,,,,,
4,1,SVM,SVM,1,0,0,0,0.765100671,0.5,"[[114   0]
 [ 35   0]]",,,,,,,,,,
4,1,WSVM,WSVM,1,0,0,0,0.765100671,0.5,"[[114   0]
 [ 35   0]]",,,,,,,,,,
4,1,own_class_center,lin_center_own,1,0,0,0,0.765100671,0.5,"[[114   0]
 [ 35   0]]",,,,,,,,,,
4,1,own_class_center,exp,1,0,0,0,0.765100671,0.5,"[[114   0]
 [ 35   0]]",,,,,,,,,,
4,1,estimated_hyper_lin,lin_center_own,1,0,0,0,0.765100671,0.5,"[[114   0]
 [ 35   0]]",,,,,,,,,,
4,1,estimated_hyper_lin,exp,1,0,0,0,0.765100671,0.5,"[[114   0]
 [ 35   0]]",,,,,,,,,,
4,1,actual_hyper_lin,lin_center_own,1,0,0,0,0.765100671,0.5,"[[114   0]
 [ 35   0]]",,,,,,,,,,
4,1,actual_hyper_lin,exp,0.868421053,0.6,0.721839755,0.591549296,0.805369128,0.734210526,"[[99 15]
 [14 21]]",,,,,,,,,,
4,1,distance_center_own_opposite_tam,func_own_opp_new,0.894736842,0.571428571,0.715037199,0.597014925,0.818791946,0.733082707,"[[102  12]
 [ 15  20]]",,,,,,,,,,
4,1,distance_center_own_opposite_tam,func_own_opp_new_v1,1,0,0,0,0.765100671,0.5,"[[114   0]
 [ 35   0]]",,,,,,,,,,
4,1,distance_center_own_opposite_tam,func_own_opp_new_v2,1,0,0,0,0.765100671,0.5,"[[114   0]
 [ 35   0]]",,,,,,,,,,
4,1,SVM,SVM,1,0,0,0,0.765100671,0.5,"[[114   0]
 [ 35   0]]",,,,,,,,,,
4,1,WSVM,WSVM,1,0,0,0,0.765100671,0.5,"[[114   0]
 [ 35   0]]",,,,,,,,,,
4,1,own_class_center,lin_center_own,1,0,0,0,0.765100671,0.5,"[[114   0]
 [ 35   0]]",,,,,,,,,,
4,1,own_class_center,exp,1,0,0,0,0.765100671,0.5,"[[114   0]
 [ 35   0]]",,,,,,,,,,
4,1,estimated_hyper_lin,lin_center_own,1,0,0,0,0.765100671,0.5,"[[114   0]
 [ 35   0]]",,,,,,,,,,
4,1,estimated_hyper_lin,exp,1,0,0,0,0.765100671,0.5,"[[114   0]
 [ 35   0]]",,,,,,,,,,
4,1,actual_hyper_lin,lin_center_own,1,0,0,0,0.765100671,0.5,"[[114   0]
 [ 35   0]]",,,,,,,,,,
4,1,actual_hyper_lin,exp,1,0,0,0,0.765100671,0.5,"[[114   0]
 [ 35   0]]",,,,,,,,,,
4,1,distance_center_own_opposite_tam,func_own_opp_new,1,0,0,0,0.765100671,0.5,"[[114   0]
 [ 35   0]]",,,,,,,,,,
4,1,distance_center_own_opposite_tam,func_own_opp_new_v1,1,0,0,0,0.765100671,0.5,"[[114   0]
 [ 35   0]]",,,,,,,,,,
4,1,distance_center_own_opposite_tam,func_own_opp_new_v2,1,0,0,0,0.765100671,0.5,"[[114   0]
 [ 35   0]]",,,,,,,,,,
